PRAGMA foreign_keys=OFF;
BEGIN TRANSACTION;
CREATE TABLE IF NOT EXISTS "migrations" ("id" integer primary key autoincrement not null, "migration" varchar not null, "batch" integer not null);
INSERT INTO migrations VALUES(9,'0001_01_01_000000_create_users_table',1);
INSERT INTO migrations VALUES(10,'0001_01_01_000001_create_cache_table',1);
INSERT INTO migrations VALUES(11,'0001_01_01_000002_create_jobs_table',1);
INSERT INTO migrations VALUES(12,'2026_04_30_052433_add_role_to_users_table',1);
INSERT INTO migrations VALUES(13,'2026_04_30_052433_create_orders_table',1);
INSERT INTO migrations VALUES(14,'2026_04_30_052433_create_products_table',1);
INSERT INTO migrations VALUES(15,'2026_05_07_000001_add_image_path_to_products_table',1);
INSERT INTO migrations VALUES(16,'2026_05_11_035240_add_reserved_qty_to_products_table',1);
CREATE TABLE IF NOT EXISTS "users" ("id" integer primary key autoincrement not null, "name" varchar not null, "email" varchar not null, "email_verified_at" datetime, "password" varchar not null, "remember_token" varchar, "created_at" datetime, "updated_at" datetime, "role" varchar check ("role" in ('admin', 'staff', 'customer')) not null default 'customer');
INSERT INTO users VALUES(1,'Admin User','admin@agro.com',NULL,'$2y$12$rnBAz30jXCu/KefmdsGuRusWamshKMvPIQAX/rwK7X9z9Ioq0ypPW','aGnOZ97LYDySpKyV273HseJG8HprKkB1w8hKH9JJq0yq8PmR0SGy5bRT5kdB','2026-05-11 04:21:40','2026-05-11 04:21:40','admin');
INSERT INTO users VALUES(2,'Staff Member','staff@agro.com',NULL,'$2y$12$22z2os6LF9Run5CazQcoF.l3ERYIIY4lMteGaQeg9nmfnCh9Tdt8a',NULL,'2026-05-11 04:21:41','2026-05-11 04:21:41','staff');
INSERT INTO users VALUES(3,'Customer User','customer@agro.com',NULL,'$2y$12$.tNcH.bDXPhwWUQr3sIyyO/xaulmQDOzslU7uEFrWholJ3NUfXPr.',NULL,'2026-05-11 04:21:41','2026-05-11 04:21:41','customer');
INSERT INTO users VALUES(4,'kathyrine','kathyrine@gmail.com',NULL,'$2y$12$s7jHBdjxKfgx7urNNLmv8ee73HLGmgS4Uh4GsvGFe/ijzqxgNCPxS',NULL,'2026-05-06 06:03:14','2026-05-06 06:17:04','staff');
INSERT INTO users VALUES(5,'cassandra','cassandra@gmail.com',NULL,'$2y$12$2A8B/7pK7tRVHkZZ9/DRZuRJLgXGW0hIUdh8Njw24KbVCWof6qimS',NULL,'2026-05-06 06:08:59','2026-05-06 06:08:59','customer');
CREATE TABLE IF NOT EXISTS "password_reset_tokens" ("email" varchar not null, "token" varchar not null, "created_at" datetime, primary key ("email"));
CREATE TABLE IF NOT EXISTS "sessions" ("id" varchar not null, "user_id" integer, "ip_address" varchar, "user_agent" text, "payload" text not null, "last_activity" integer not null, primary key ("id"));
INSERT INTO sessions VALUES('dNXuxdXGZ6ofsp0cViMNhqhmeTSt8X7sB2znz1jy',2,'127.0.0.1','Mozilla/5.0 (Macintosh; Intel Mac OS X 10_15_7) AppleWebKit/537.36 (KHTML, like Gecko) Chrome/147.0.0.0 Safari/537.36','eyJfdG9rZW4iOiI3dUNXdlV2NnlYQk1ZYThjcTZ5ZUZPcE1TOVFvYklja0x0NGh3d0pqIiwiX2ZsYXNoIjp7Im9sZCI6W10sIm5ldyI6W119LCJ1cmwiOltdLCJsb2dpbl93ZWJfNTliYTM2YWRkYzJiMmY5NDAxNTgwZjAxNGM3ZjU4ZWE0ZTMwOTg5ZCI6MiwiX3ByZXZpb3VzIjp7InVybCI6Imh0dHA6XC9cLzEyNy4wLjAuMTo4MDAwXC9yZXBvcnRzIiwicm91dGUiOiJyZXBvcnRzIn19',1778475549);
INSERT INTO sessions VALUES('IK46utrhngNEomIdq6StKUge9aW8x87XUgwGurXd',NULL,'127.0.0.1','Mozilla/5.0 (Macintosh; Intel Mac OS X 10_15_7) AppleWebKit/537.36 (KHTML, like Gecko) Chrome/147.0.0.0 Safari/537.36','eyJfdG9rZW4iOiI3Ynl6Ukhmam9nWGhKVUxPSnVRcnhUZXlsQWdnREo2R0tMUWJvSGhkIiwidXJsIjp7ImludGVuZGVkIjoiaHR0cDpcL1wvMTI3LjAuMC4xOjgwMDBcL3JlcG9ydHMifSwiX3ByZXZpb3VzIjp7InVybCI6Imh0dHA6XC9cLzEyNy4wLjAuMTo4MDAwXC9sb2dpbiIsInJvdXRlIjoibG9naW4ifSwiX2ZsYXNoIjp7Im9sZCI6W10sIm5ldyI6W119fQ==',1778492655);
INSERT INTO sessions VALUES('4pSoK7I4z8KaDzfqBDHRhcCSEFbeVB9U4Rs7sL6w',NULL,'127.0.0.1','Mozilla/5.0 (Macintosh; Intel Mac OS X 10_15_7) AppleWebKit/537.36 (KHTML, like Gecko) Chrome/147.0.0.0 Safari/537.36','eyJfdG9rZW4iOiJ4SHE0VUFrVGtGZWYwbkI0ZDdkUDVjSnk5Y3U2UHBDblVqVExNT1dtIiwiX3ByZXZpb3VzIjp7InVybCI6Imh0dHA6XC9cLzEyNy4wLjAuMTo4MDAwXC9sb2dpbiIsInJvdXRlIjoibG9naW4ifSwiX2ZsYXNoIjp7Im9sZCI6W10sIm5ldyI6W119fQ==',1778500719);
INSERT INTO sessions VALUES('Wn7Ub8F1GPrU3iP2hEDF9UUoAwoXSph5CJNFFAR3',NULL,'127.0.0.1','Mozilla/5.0 (Macintosh; Intel Mac OS X 10_15_7) AppleWebKit/537.36 (KHTML, like Gecko) Chrome/147.0.0.0 Safari/537.36','eyJfdG9rZW4iOiIxMkNER2lWQ3Z6b1c0QmRUd0YwZlhXeE9sS1ZSMVM1QmpRRDhvRDBZIiwidXJsIjp7ImludGVuZGVkIjoiaHR0cDpcL1wvbG9jYWxob3N0OjgwMDBcL2Rhc2hib2FyZCJ9LCJfcHJldmlvdXMiOnsidXJsIjoiaHR0cDpcL1wvbG9jYWxob3N0OjgwMDBcL2xvZ2luIiwicm91dGUiOiJsb2dpbiJ9LCJfZmxhc2giOnsib2xkIjpbXSwibmV3IjpbXX19',1778521247);
INSERT INTO sessions VALUES('Cqu4tfgLKMklaKRVlal93PI3PDTe3YhmrVsd27av',NULL,'127.0.0.1','Mozilla/5.0 (Macintosh; Intel Mac OS X 10_15_7) AppleWebKit/537.36 (KHTML, like Gecko) Chrome/147.0.0.0 Safari/537.36','eyJfdG9rZW4iOiJCTk9MU1JoUFRad3ZQRlo2R0tRU2xDZDd4bld5TXh6R2xvb3pUM0FtIiwiX3ByZXZpb3VzIjp7InVybCI6Imh0dHA6XC9cLzEyNy4wLjAuMTo4MDAwXC9sb2dpbiIsInJvdXRlIjoibG9naW4ifSwiX2ZsYXNoIjp7Im9sZCI6W10sIm5ldyI6W119fQ==',1778533051);
INSERT INTO sessions VALUES('bDRRFGGE4eMQpcE5N9B0WMOQvxURAxeLBkSVC0Wa',NULL,'127.0.0.1','Mozilla/5.0 (Macintosh; Intel Mac OS X 10_15_7) AppleWebKit/537.36 (KHTML, like Gecko) Chrome/147.0.0.0 Safari/537.36','eyJfdG9rZW4iOiJkVDVOZHVOUW9Vd1djbEoxcGI5NEVLeVdtaEJHb1FCSlBEdWFkc0pCIiwiX3ByZXZpb3VzIjp7InVybCI6Imh0dHA6XC9cLzEyNy4wLjAuMTo4MDAwXC9sb2dpbiIsInJvdXRlIjoibG9naW4ifSwiX2ZsYXNoIjp7Im9sZCI6W10sIm5ldyI6W119fQ==',1778550862);
INSERT INTO sessions VALUES('yWAUaBZuVvi3MxZzp9daWv90e02pZOvMRkXNGTBr',NULL,'127.0.0.1','Mozilla/5.0 (Macintosh; Intel Mac OS X 10_15_7) AppleWebKit/537.36 (KHTML, like Gecko) Chrome/147.0.0.0 Safari/537.36','eyJfdG9rZW4iOiJublJ3R1Nhak03VTdlU3AwS2t5SWJpRk50MGlDVFpPMUt2dkozdUhxIiwiX3ByZXZpb3VzIjp7InVybCI6Imh0dHA6XC9cLzEyNy4wLjAuMTo4MDAwXC9sb2dpbiIsInJvdXRlIjoibG9naW4ifSwiX2ZsYXNoIjp7Im9sZCI6W10sIm5ldyI6W119fQ==',1778613146);
INSERT INTO sessions VALUES('lanSC0Bd32yNKLwezjimiPwwHb7FVX04yi9Ey27s',NULL,'127.0.0.1','Mozilla/5.0 (Macintosh; Intel Mac OS X 10_15_7) AppleWebKit/537.36 (KHTML, like Gecko) Chrome/147.0.0.0 Safari/537.36','eyJfdG9rZW4iOiJCR1BBMDVoaGF1ajNLbjltbXFBSUZVY1lXcjVYYll4ZDF3RVBSbkFwIiwiX3ByZXZpb3VzIjp7InVybCI6Imh0dHA6XC9cLzEyNy4wLjAuMTo4MDAwXC9sb2dpbiIsInJvdXRlIjoibG9naW4ifSwiX2ZsYXNoIjp7Im9sZCI6W10sIm5ldyI6W119fQ==',1778630595);
INSERT INTO sessions VALUES('qrplNnIUfDzZFlsh47B5YGPJH60JQ1VxQ4hjGFxz',NULL,'127.0.0.1','Mozilla/5.0 (Macintosh; Intel Mac OS X 10_15_7) AppleWebKit/537.36 (KHTML, like Gecko) Chrome/147.0.0.0 Safari/537.36','eyJfdG9rZW4iOiJXNEZNdEVVZ3I5VjlxQWdaTWV5STNpSTdBMjYxVkJMbzR2RWJhbVVBIiwiX3ByZXZpb3VzIjp7InVybCI6Imh0dHA6XC9cLzEyNy4wLjAuMTo4MDAwXC9sb2dpbiIsInJvdXRlIjoibG9naW4ifSwiX2ZsYXNoIjp7Im9sZCI6W10sIm5ldyI6W119fQ==',1778650370);
INSERT INTO sessions VALUES('YuIyrSyppwSx1RMq6CT1EcTDi3mD5GIUDVYyQ8yZ',NULL,'127.0.0.1','Mozilla/5.0 (Macintosh; Intel Mac OS X 10_15_7) AppleWebKit/537.36 (KHTML, like Gecko) Chrome/147.0.0.0 Safari/537.36','eyJfdG9rZW4iOiJ1MHlabDhlRWRLVXhPTndoRnVuMklOV1lRS2ZQNHBzR1c3dW5oV29tIiwiX3ByZXZpb3VzIjp7InVybCI6Imh0dHA6XC9cLzEyNy4wLjAuMTo4MDAwXC9sb2dpbiIsInJvdXRlIjoibG9naW4ifSwiX2ZsYXNoIjp7Im9sZCI6W10sIm5ldyI6W119fQ==',1778704302);
INSERT INTO sessions VALUES('QsWhhyeGqQPSMbXhbpj3Ptblz6oYu4Vu5P9eCeIb',1,'127.0.0.1','Mozilla/5.0 (Macintosh; Intel Mac OS X 10_15_7) AppleWebKit/537.36 (KHTML, like Gecko) Chrome/148.0.0.0 Safari/537.36','eyJfdG9rZW4iOiJuWm5QRk1zN1YwMTk4UTVWVWRRbUFQWFY2SmxWWFhuR3pUUUdYOGpkIiwidXJsIjpbXSwiX3ByZXZpb3VzIjp7InVybCI6Imh0dHA6XC9cL2xvY2FsaG9zdDo4MDAwXC9sb2dpbiIsInJvdXRlIjoibG9naW4ifSwiX2ZsYXNoIjp7Im9sZCI6W10sIm5ldyI6W119LCJsb2dpbl93ZWJfNTliYTM2YWRkYzJiMmY5NDAxNTgwZjAxNGM3ZjU4ZWE0ZTMwOTg5ZCI6MX0=',1779198151);
CREATE TABLE IF NOT EXISTS "cache" ("key" varchar not null, "value" text not null, "expiration" integer not null, primary key ("key"));
INSERT INTO cache VALUES('laravel-cache-cassandra@agro.com|127.0.0.1:timer','i:1778474857;',1778474857);
INSERT INTO cache VALUES('laravel-cache-cassandra@agro.com|127.0.0.1','i:1;',1778474857);
CREATE TABLE IF NOT EXISTS "cache_locks" ("key" varchar not null, "owner" varchar not null, "expiration" integer not null, primary key ("key"));
CREATE TABLE IF NOT EXISTS "jobs" ("id" integer primary key autoincrement not null, "queue" varchar not null, "payload" text not null, "attempts" integer not null, "reserved_at" integer, "available_at" integer not null, "created_at" integer not null);
CREATE TABLE IF NOT EXISTS "job_batches" ("id" varchar not null, "name" varchar not null, "total_jobs" integer not null, "pending_jobs" integer not null, "failed_jobs" integer not null, "failed_job_ids" text not null, "options" text, "cancelled_at" integer, "created_at" integer not null, "finished_at" integer, primary key ("id"));
CREATE TABLE IF NOT EXISTS "failed_jobs" ("id" integer primary key autoincrement not null, "uuid" varchar not null, "connection" text not null, "queue" text not null, "payload" text not null, "exception" text not null, "failed_at" datetime not null default CURRENT_TIMESTAMP);
CREATE TABLE IF NOT EXISTS "orders" ("id" integer primary key autoincrement not null, "user_id" integer not null, "total" numeric not null, "status" varchar check ("status" in ('pending', 'approved', 'rejected')) not null default 'pending', "created_at" datetime, "updated_at" datetime, foreign key("user_id") references "users"("id") on delete cascade);
INSERT INTO orders VALUES(1,3,850,'approved','2026-05-06 05:24:13','2026-05-06 05:26:20');
INSERT INTO orders VALUES(2,5,850,'approved','2026-05-06 06:13:43','2026-05-06 06:17:17');
INSERT INTO orders VALUES(3,3,6620,'rejected','2026-05-06 06:57:47','2026-05-06 06:58:31');
INSERT INTO orders VALUES(4,3,2370,'approved','2026-05-07 08:50:38','2026-05-07 08:50:51');
INSERT INTO orders VALUES(5,3,70960,'approved','2026-05-07 08:52:45','2026-05-07 08:53:03');
INSERT INTO orders VALUES(6,3,1700,'approved','2026-05-07 08:58:24','2026-05-07 08:58:56');
INSERT INTO orders VALUES(7,3,5950,'approved','2026-05-07 08:58:36','2026-05-07 08:58:54');
INSERT INTO orders VALUES(8,3,3150,'approved','2026-05-10 18:42:18','2026-05-10 18:42:44');
INSERT INTO orders VALUES(9,3,2720,'approved','2026-05-10 18:47:21','2026-05-10 18:52:54');
INSERT INTO orders VALUES(10,3,2720,'rejected','2026-05-10 18:47:27','2026-05-10 18:52:56');
INSERT INTO orders VALUES(11,3,2550,'pending','2026-05-11 04:45:29','2026-05-11 04:45:29');
INSERT INTO orders VALUES(12,3,3600,'pending','2026-05-11 04:49:38','2026-05-11 04:49:38');
CREATE TABLE IF NOT EXISTS "order_items" ("id" integer primary key autoincrement not null, "order_id" integer not null, "product_id" integer, "qty" integer not null, "price" numeric not null, "created_at" datetime, "updated_at" datetime, foreign key("order_id") references "orders"("id") on delete cascade, foreign key("product_id") references "products"("id") on delete set null);
INSERT INTO order_items VALUES(1,1,2,1,850,'2026-05-06 05:24:13','2026-05-06 05:24:13');
INSERT INTO order_items VALUES(2,2,1,1,850,'2026-05-06 06:13:43','2026-05-06 06:13:43');
INSERT INTO order_items VALUES(3,3,8,1,1800,'2026-05-06 06:57:47','2026-05-06 06:57:47');
INSERT INTO order_items VALUES(4,3,7,1,4500,'2026-05-06 06:57:47','2026-05-06 06:57:47');
INSERT INTO order_items VALUES(5,3,3,1,320,'2026-05-06 06:57:47','2026-05-06 06:57:47');
INSERT INTO order_items VALUES(6,4,4,1,1200,'2026-05-07 08:50:38','2026-05-07 08:50:38');
INSERT INTO order_items VALUES(7,4,3,1,320,'2026-05-07 08:50:38','2026-05-07 08:50:38');
INSERT INTO order_items VALUES(8,4,1,1,850,'2026-05-07 08:50:38','2026-05-07 08:50:38');
INSERT INTO order_items VALUES(9,5,5,2,680,'2026-05-07 08:52:45','2026-05-07 08:52:45');
INSERT INTO order_items VALUES(10,5,4,58,1200,'2026-05-07 08:52:45','2026-05-07 08:52:45');
INSERT INTO order_items VALUES(11,6,1,2,850,'2026-05-07 08:58:24','2026-05-07 08:58:24');
INSERT INTO order_items VALUES(12,7,1,7,850,'2026-05-07 08:58:36','2026-05-07 08:58:36');
INSERT INTO order_items VALUES(13,8,1,1,850,'2026-05-10 18:42:18','2026-05-10 18:42:18');
INSERT INTO order_items VALUES(14,8,6,1,420,'2026-05-10 18:42:18','2026-05-10 18:42:18');
INSERT INTO order_items VALUES(15,8,5,1,680,'2026-05-10 18:42:18','2026-05-10 18:42:18');
INSERT INTO order_items VALUES(16,8,4,1,1200,'2026-05-10 18:42:18','2026-05-10 18:42:18');
INSERT INTO order_items VALUES(17,9,5,4,680,'2026-05-10 18:47:21','2026-05-10 18:47:21');
INSERT INTO order_items VALUES(18,10,5,4,680,'2026-05-10 18:47:27','2026-05-10 18:47:27');
INSERT INTO order_items VALUES(19,11,1,3,850,'2026-05-11 04:45:29','2026-05-11 04:45:29');
INSERT INTO order_items VALUES(20,12,4,3,1200,'2026-05-11 04:49:38','2026-05-11 04:49:38');
CREATE TABLE IF NOT EXISTS "products" ("id" integer primary key autoincrement not null, "name" varchar not null, "category" varchar not null, "desc" text, "price" numeric not null, "qty" integer not null default '0', "unit" varchar not null, "supplier" varchar, "icon" varchar, "created_at" datetime, "updated_at" datetime, "image_path" varchar, "reserved_qty" integer not null default '0');
INSERT INTO products VALUES(1,'NPK Fertilizer','Fertilizers','Balanced fertilizer',850,96,'bags','AgriPrime','🌱','2026-05-11 04:21:41','2026-05-11 04:45:29',NULL,0);
INSERT INTO products VALUES(2,'NPK Fertilizer (14-14-14)','Fertilizers','Balanced fertilizer for all crops',850,20,'bags','AgriPrime Corp','🌱','2026-05-06 05:16:25','2026-05-10 19:06:12',NULL,0);
INSERT INTO products VALUES(3,'Glyphosate Herbicide 1L','Pesticides','Broad-spectrum herbicide',320,8,'liters','CropShield PH','🧪','2026-05-06 05:16:26','2026-05-07 08:25:48','products/7PQli6ctkILfbOiuFVSnuuJyyzmm1DV3yEvve9J0.jpg',0);
INSERT INTO products VALUES(4,'Hybrid Corn Seeds','Seeds','High-yield hybrid variety',1200,51,'kg','SeedMaster PH','🌽','2026-05-06 05:16:26','2026-05-11 04:49:38','products/yrp3WMDHyeldsFz2pNxEqlca1SYZKUuOsV6BBWL6.jpg',0);
INSERT INTO products VALUES(5,'Garden Sprayer 16L','Tools & Equipment','Manual knapsack sprayer',680,7,'pcs','FarmTools Inc','💦','2026-05-06 05:16:26','2026-05-10 18:52:54','products/CklSg9kNNHv9SwmsPYrsoEWsRPJiR6DRZPY0Q5xM.jpg',0);
INSERT INTO products VALUES(6,'Vermicast Organic Soil','Soil Amendments','Nutrient-rich earthworm castings',420,199,'bags','EcoFarm PH','🌍','2026-05-06 05:16:26','2026-05-10 18:42:44','products/gxKVfGWjbfeTAsNs8AJZmxTSJPLoiA9WKvKGKumj.webp',0);
INSERT INTO products VALUES(7,'Drip Irrigation Kit','Irrigation','Complete drip system for 1 hectare',4500,12,'sets','IrrigaTech','💧','2026-05-06 05:16:26','2026-05-07 08:40:40','products/hmiSGsCWUDvproEfxM79W3hCc6p03i7NbLwPxavw.png',0);
INSERT INTO products VALUES(8,'Poultry Layer Mash 50kg','Animal Feed','Complete feed for laying hens',1800,14,'bags','NutriPoultry','🐔','2026-05-06 05:16:26','2026-05-07 08:41:37','products/RtXazsY9T5W2uRoeVj8KQAngFCeyDhaBvPucjR6Z.png',0);
DELETE FROM sqlite_sequence;
INSERT INTO sqlite_sequence VALUES('migrations',16);
INSERT INTO sqlite_sequence VALUES('users',5);
INSERT INTO sqlite_sequence VALUES('products',13);
INSERT INTO sqlite_sequence VALUES('orders',12);
INSERT INTO sqlite_sequence VALUES('order_items',20);
CREATE UNIQUE INDEX "users_email_unique" on "users" ("email");
CREATE INDEX "sessions_user_id_index" on "sessions" ("user_id");
CREATE INDEX "sessions_last_activity_index" on "sessions" ("last_activity");
CREATE INDEX "cache_expiration_index" on "cache" ("expiration");
CREATE INDEX "cache_locks_expiration_index" on "cache_locks" ("expiration");
CREATE INDEX "jobs_queue_index" on "jobs" ("queue");
CREATE UNIQUE INDEX "failed_jobs_uuid_unique" on "failed_jobs" ("uuid");
COMMIT;
